Title,Country,Date,Time,Impact,Forecast,Previous,URL
Core CPI m/m,USD,07-14-2026,3:30pm,High,,,
Core CPI y/y,USD,07-14-2026,3:30pm,High,,,
CPI m/m,USD,07-14-2026,3:30pm,High,,,
CPI y/y,USD,07-14-2026,3:30pm,High,,,
Fed Chairman Warsh Testifies,USD,07-14-2026,5:00pm,High,,,
BOE Gov Bailey Speaks,GBP,07-14-2026,11:00pm,High,,,
Core PPI m/m,USD,07-15-2026,3:30pm,High,,,
PPI m/m,USD,07-15-2026,3:30pm,High,,,
Fed Chairman Warsh Testifies,USD,07-15-2026,5:00pm,High,,,
GDP m/m,GBP,07-16-2026,9:00am,High,,,
Claimant Count Change,GBP,07-21-2026,9:00am,High,,,
CPI y/y,GBP,07-22-2026,9:00am,High,,,
Employment Change,AUD,07-23-2026,4:30am,High,,,
Unemployment Rate,AUD,07-23-2026,4:30am,High,,,
Main Refinancing Rate,EUR,07-23-2026,3:15pm,High,,,
Monetary Policy Statement,EUR,07-23-2026,3:15pm,High,,,
ECB Press Conference,EUR,07-23-2026,3:45pm,High,,,
RBA Gov Bullock Speaks,AUD,07-28-2026,6:05am,High,,,
CPI m/m,AUD,07-29-2026,4:30am,High,,,
CPI y/y,AUD,07-29-2026,4:30am,High,,,
Trimmed Mean CPI m/m,AUD,07-29-2026,4:30am,High,,,
Federal Funds Rate,USD,07-29-2026,9:00pm,High,,,
FOMC Statement,USD,07-29-2026,9:00pm,High,,,
FOMC Press Conference,USD,07-29-2026,9:30pm,High,,,
BOE Monetary Policy Report,GBP,07-30-2026,2:00pm,High,,,
Monetary Policy Summary,GBP,07-30-2026,2:00pm,High,,,
MPC Official Bank Rate Votes,GBP,07-30-2026,2:00pm,High,,,
Official Bank Rate,GBP,07-30-2026,2:00pm,High,,,
Advance GDP q/q,USD,07-30-2026,3:30pm,High,,,
Core PCE Price Index m/m,USD,07-30-2026,3:30pm,High,,,
BOJ Policy Rate,JPY,07-31-2026,5:30am,High,,,
Monetary Policy Statement,JPY,07-31-2026,5:30am,High,,,
BOJ Outlook Report,JPY,07-31-2026,5:31am,High,,,
BOJ Press Conference,JPY,07-31-2026,8:30am,High,,,
